Timestamp,House
08/08/2021 22:47,Hufflepuff
15/09/2021 00:09,Gryffindor
07/07/2021 14:19,Ravenclaw
12/06/2021 02:47,Hufflepuff
12/09/2021 08:20,Ravenclaw
12/06/2022 02:14,Slytherin
25/09/2021 02:05,Slytherin
17/10/2022 01:42,Ravenclaw
14/07/2021 20:39,Hufflepuff
18/09/2021 18:27,Slytherin
21/08/2021 18:56,Slytherin
28/07/2021 15:38,Slytherin
05/08/2021 00:49,Hufflepuff
18/07/2021 16:14,Slytherin
15/12/2021 23:47,Ravenclaw
01/05/2021 17:11,Gryffindor
09/07/2022 04:06,Hufflepuff
22/03/2022 07:49,Slytherin
28/03/2021 04:29,Gryffindor
20/03/2021 12:28,Ravenclaw
27/03/2021 06:20,Gryffindor
19/05/2022 15:21,Ravenclaw
30/11/2021 07:15,Ravenclaw
30/09/2021 04:58,Gryffindor
10/12/2021 03:34,Slytherin
27/05/2022 09:01,Ravenclaw
03/08/2021 20:07,Hufflepuff
10/12/2021 08:23,Hufflepuff
21/09/2021 22:12,Gryffindor
16/09/2021 01:56,Slytherin
22/04/2021 08:02,Hufflepuff
29/04/2022 06:15,Hufflepuff
30/04/2021 20:35,Ravenclaw
19/02/2022 02:44,Ravenclaw
23/07/2021 23:15,Gryffindor
12/08/2021 05:29,Ravenclaw
26/07/2022 22:12,Slytherin
08/10/2022 14:35,Ravenclaw
07/03/2022 11:08,Slytherin
23/09/2021 13:31,Slytherin
19/10/2021 06:57,Ravenclaw
28/11/2021 04:23,Ravenclaw
28/07/2021 03:13,Ravenclaw
25/02/2022 12:45,Ravenclaw
06/10/2021 19:30,Gryffindor
10/12/2021 18:07,Hufflepuff
11/11/2021 17:42,Slytherin
06/08/2022 13:47,Ravenclaw
31/01/2021 15:44,Hufflepuff
09/03/2022 16:31,Ravenclaw
12/06/2021 10:48,Slytherin
11/04/2021 05:05,Hufflepuff
26/01/2021 22:55,Ravenclaw
10/11/2021 02:01,Slytherin
18/10/2022 12:43,Hufflepuff
16/01/2022 22:18,Slytherin
13/03/2022 03:53,Hufflepuff
17/02/2021 22:24,Slytherin
25/02/2021 05:26,Ravenclaw
25/06/2022 03:28,Slytherin
20/08/2021 04:54,Ravenclaw
05/02/2021 19:29,Slytherin
06/02/2021 11:19,Slytherin
24/06/2021 19:19,Hufflepuff
20/09/2022 00:38,Hufflepuff
15/07/2022 19:34,Slytherin
11/11/2021 18:49,Gryffindor
23/05/2022 21:47,Gryffindor
27/06/2021 20:58,Ravenclaw
24/02/2022 15:07,Slytherin
21/05/2021 14:08,Ravenclaw
12/11/2021 03:02,Hufflepuff
19/02/2021 11:09,Gryffindor
14/09/2021 23:25,Ravenclaw
03/10/2022 14:49,Slytherin
24/07/2022 05:09,Slytherin
02/09/2021 22:56,Slytherin
22/11/2021 03:57,Gryffindor
13/02/2022 09:33,Ravenclaw
02/03/2021 04:12,Hufflepuff
31/01/2022 13:30,Ravenclaw
09/09/2022 03:29,Gryffindor
22/05/2022 18:05,Hufflepuff
24/04/2021 18:16,Hufflepuff
19/12/2021 04:18,Ravenclaw
21/03/2021 22:36,Slytherin
11/05/2022 08:59,Ravenclaw
07/11/2021 05:00,Gryffindor
14/06/2021 10:22,Slytherin
16/05/2022 11:48,Ravenclaw
01/07/2021 13:55,Slytherin
13/11/2021 00:04,Slytherin
23/05/2022 12:15,Gryffindor
16/03/2021 13:26,Gryffindor
17/04/2021 19:37,Ravenclaw
14/09/2022 07:45,Hufflepuff
29/07/2021 14:32,Slytherin
31/07/2022 05:21,Ravenclaw
20/10/2021 07:12,Gryffindor
02/11/2021 06:01,Hufflepuff
24/06/2021 16:49,Ravenclaw
17/07/2021 08:32,Gryffindor
26/01/2022 10:36,Slytherin
25/01/2021 04:01,Ravenclaw
20/04/2022 11:37,Ravenclaw
14/07/2021 11:43,Ravenclaw
23/08/2021 17:22,Ravenclaw
10/05/2022 10:50,Slytherin
04/03/2022 11:36,Slytherin
13/09/2022 12:52,Slytherin
15/09/2022 09:10,Hufflepuff
30/07/2021 11:56,Hufflepuff
08/10/2021 06:35,Ravenclaw
22/07/2021 10:57,Ravenclaw
01/01/2022 21:01,Hufflepuff
11/07/2021 15:21,Gryffindor
03/06/2022 15:24,Hufflepuff
14/10/2022 18:31,Slytherin
09/02/2022 10:17,Slytherin
13/10/2022 15:57,Gryffindor
25/02/2022 22:37,Ravenclaw
20/03/2022 17:30,Gryffindor
14/02/2021 14:34,Gryffindor
05/09/2021 06:32,Gryffindor
01/05/2021 02:32,Slytherin
25/04/2021 16:29,Gryffindor
24/03/2022 08:15,Slytherin
04/05/2022 07:00,Ravenclaw
31/08/2022 07:19,Ravenclaw
21/10/2021 20:50,Gryffindor
12/06/2021 13:33,Gryffindor
26/01/2022 23:48,Hufflepuff
24/10/2022 21:35,Gryffindor
01/01/2022 00:16,Slytherin
15/08/2022 19:26,Slytherin
28/01/2022 02:02,Hufflepuff
08/04/2022 15:40,Slytherin
11/02/2021 02:48,Slytherin
13/10/2021 11:10,Gryffindor
26/07/2022 13:20,Gryffindor
28/08/2021 23:20,Ravenclaw
31/05/2021 21:30,Slytherin
31/12/2021 18:11,Gryffindor
22/10/2022 16:38,Slytherin
03/08/2022 22:50,Slytherin
09/04/2022 18:34,Slytherin
29/11/2021 15:44,Ravenclaw
12/03/2022 13:14,Slytherin
29/09/2021 17:27,Gryffindor
13/02/2021 05:07,Ravenclaw
26/11/2021 04:05,Ravenclaw
17/05/2022 00:16,Slytherin
01/04/2022 00:29,Hufflepuff
02/02/2021 02:58,Ravenclaw
08/03/2021 16:50,Gryffindor
26/02/2021 03:26,Hufflepuff
23/08/2021 17:09,Hufflepuff
16/08/2022 15:30,Slytherin
16/03/2022 13:49,Hufflepuff
09/03/2021 02:51,Hufflepuff
12/08/2022 09:07,Ravenclaw
21/09/2022 23:52,Hufflepuff
08/04/2022 21:12,Slytherin
30/07/2022 04:17,Ravenclaw
05/07/2022 10:47,Gryffindor
01/07/2022 04:24,Hufflepuff
21/04/2022 03:43,Gryffindor
29/11/2021 19:14,Hufflepuff
30/03/2021 10:34,Ravenclaw
06/04/2022 01:23,Hufflepuff
12/06/2021 14:28,Ravenclaw
30/09/2022 12:03,Hufflepuff
01/07/2022 16:32,Gryffindor
08/01/2022 09:28,Ravenclaw
16/02/2022 20:22,Slytherin
21/06/2021 01:12,Ravenclaw
23/10/2022 19:25,Ravenclaw
27/04/2021 09:14,Slytherin
17/12/2021 07:17,Slytherin
30/04/2022 10:23,Gryffindor
18/08/2022 10:00,Slytherin
04/12/2021 10:36,Ravenclaw
21/08/2022 00:34,Ravenclaw
29/09/2022 16:03,Slytherin
11/05/2021 12:25,Gryffindor
28/07/2021 05:31,Hufflepuff
22/12/2021 18:05,Hufflepuff
03/09/2021 18:06,Ravenclaw
07/01/2022 09:20,Slytherin
09/03/2021 01:09,Gryffindor
27/06/2022 06:28,Ravenclaw
29/03/2022 11:45,Gryffindor
19/06/2021 23:44,Ravenclaw
03/03/2021 14:50,Hufflepuff
01/08/2022 18:28,Hufflepuff
11/12/2021 02:43,Hufflepuff
11/03/2022 11:40,Slytherin
06/02/2022 08:05,Gryffindor
09/04/2022 16:14,Hufflepuff
24/04/2022 06:48,Ravenclaw
16/06/2022 09:21,Slytherin
01/09/2022 15:11,Ravenclaw
12/10/2022 20:01,Hufflepuff
08/06/2021 20:56,Slytherin
01/09/2022 23:40,Slytherin
24/07/2022 18:42,Slytherin
15/11/2021 03:14,Ravenclaw
13/08/2022 23:37,Hufflepuff
30/09/2022 16:50,Ravenclaw
29/03/2021 07:02,Slytherin
17/06/2022 07:05,Hufflepuff
19/06/2022 16:57,Gryffindor
15/11/2021 01:06,Slytherin
02/04/2021 19:58,Hufflepuff
29/09/2022 14:10,Gryffindor
15/05/2021 07:54,Ravenclaw
29/03/2022 15:04,Hufflepuff
24/07/2021 14:14,Hufflepuff
23/05/2021 14:32,Ravenclaw
19/05/2021 15:10,Hufflepuff
01/08/2021 21:49,Slytherin
27/02/2022 15:39,Ravenclaw
22/05/2022 22:32,Hufflepuff
06/12/2021 05:25,Slytherin
31/12/2021 08:31,Gryffindor
28/03/2022 16:53,Gryffindor
21/08/2021 18:45,Slytherin
16/06/2022 11:30,Hufflepuff
10/05/2022 00:25,Ravenclaw
15/02/2021 00:21,Ravenclaw
15/04/2021 19:03,Ravenclaw
30/11/2021 20:57,Ravenclaw
03/11/2021 11:06,Hufflepuff
12/02/2022 03:04,Ravenclaw
07/04/2021 02:38,Gryffindor
12/09/2022 18:27,Hufflepuff
13/03/2021 03:27,Ravenclaw
13/08/2021 11:06,Hufflepuff
18/05/2021 18:24,Hufflepuff
05/02/2021 13:58,Gryffindor
04/11/2021 19:08,Hufflepuff
10/12/2021 01:09,Gryffindor
01/10/2022 02:31,Slytherin
23/02/2021 21:39,Ravenclaw
13/05/2021 11:26,Ravenclaw
15/09/2022 20:27,Ravenclaw
22/10/2021 10:46,Ravenclaw
25/06/2022 22:03,Slytherin
01/05/2021 05:51,Hufflepuff
07/12/2021 23:31,Ravenclaw
27/05/2021 01:57,Hufflepuff
28/12/2021 14:57,Slytherin
11/04/2021 07:28,Gryffindor
20/03/2022 02:23,Hufflepuff
05/02/2021 07:25,Hufflepuff
12/07/2021 01:57,Hufflepuff
30/04/2021 07:55,Slytherin
05/08/2022 22:13,Gryffindor
24/03/2021 08:31,Hufflepuff
22/08/2022 04:24,Gryffindor
23/02/2022 01:36,Gryffindor
19/10/2022 13:45,Hufflepuff
30/10/2021 21:15,Hufflepuff
26/04/2022 23:11,Slytherin
23/12/2021 19:44,Slytherin
08/02/2021 21:45,Hufflepuff
16/08/2022 03:29,Gryffindor
24/08/2022 16:37,Gryffindor
15/05/2022 10:38,Hufflepuff
03/03/2022 17:21,Gryffindor
30/05/2022 13:42,Slytherin
08/05/2021 19:55,Gryffindor
06/10/2022 23:03,Gryffindor
23/07/2021 20:11,Gryffindor
23/04/2021 19:09,Ravenclaw
13/04/2021 00:20,Gryffindor
08/02/2022 10:41,Gryffindor
21/01/2022 16:36,Gryffindor
01/05/2022 21:39,Ravenclaw
12/02/2021 08:10,Hufflepuff
20/11/2021 18:21,Gryffindor
21/09/2022 09:59,Ravenclaw
02/10/2021 00:42,Slytherin
06/09/2022 18:24,Gryffindor
02/06/2022 23:28,Slytherin
09/04/2021 13:51,Ravenclaw
24/02/2021 04:35,Hufflepuff
18/07/2022 12:32,Hufflepuff
24/09/2021 02:15,Hufflepuff
17/03/2022 19:05,Ravenclaw
16/05/2022 09:36,Ravenclaw
02/08/2021 18:11,Ravenclaw
11/08/2021 12:32,Ravenclaw
01/10/2021 18:05,Slytherin
12/07/2021 05:02,Hufflepuff
01/11/2021 07:04,Slytherin
03/04/2022 01:29,Hufflepuff
04/06/2021 22:49,Ravenclaw
15/05/2021 22:23,Gryffindor
04/11/2021 20:13,Gryffindor
29/11/2021 18:01,Slytherin
22/06/2022 15:49,Slytherin
14/12/2021 08:13,Gryffindor
04/07/2021 09:17,Hufflepuff
28/07/2021 19:51,Slytherin
12/04/2021 23:01,Hufflepuff
13/10/2022 02:08,Ravenclaw
23/09/2022 11:23,Slytherin
10/09/2021 12:31,Ravenclaw
14/02/2022 03:38,Gryffindor
12/04/2022 15:47,Hufflepuff
30/07/2022 19:19,Gryffindor
18/10/2022 21:03,Gryffindor
09/09/2021 12:12,Slytherin
04/02/2021 12:59,Hufflepuff
15/03/2021 06:18,Hufflepuff
28/05/2022 12:31,Ravenclaw
19/02/2022 15:04,Hufflepuff
24/04/2021 02:27,Gryffindor
11/04/2021 17:20,Ravenclaw
28/08/2021 09:21,Ravenclaw
08/08/2021 00:49,Hufflepuff
30/07/2022 07:13,Ravenclaw
14/11/2021 13:17,Hufflepuff
04/07/2022 20:57,Ravenclaw
25/04/2021 22:32,Ravenclaw
23/06/2021 11:08,Slytherin
05/12/2021 16:05,Gryffindor
24/03/2021 15:11,Slytherin
21/08/2022 22:03,Hufflepuff
15/05/2022 10:46,Slytherin
21/05/2021 22:13,Ravenclaw
19/02/2022 08:58,Slytherin
05/02/2021 18:31,Ravenclaw
25/08/2021 08:05,Ravenclaw
25/05/2021 01:50,Hufflepuff
28/04/2022 17:36,Gryffindor
10/11/2021 04:05,Slytherin
31/03/2022 11:24,Slytherin
11/07/2022 18:33,Gryffindor
03/03/2022 02:08,Gryffindor
14/07/2021 19:26,Ravenclaw
07/07/2022 22:45,Gryffindor
09/07/2022 07:54,Slytherin
05/07/2021 03:39,Hufflepuff
24/10/2022 14:18,Ravenclaw
17/09/2022 13:25,Hufflepuff
28/08/2021 00:38,Gryffindor
21/07/2022 23:25,Hufflepuff
06/07/2021 07:02,Ravenclaw
