In ,Volleyball
In Captain,Basketball
msonaike@schulich.yorku.ca,Football
In ,Volleyball
In Captain,Basketball
msonaike@schulich.yorku.ca,Football
msonaike@schulich.yorku.ca,Football
images,Mathletics
images,Basketball
Captain,Football
Captain,Football
images,Volleyball
images,Volleyball
images,Volleyball
Captain In,Volleyball
images,Volleyball
Captain In,Volleyball
Oslo Perger,Football
Larry Gone,Football
Larry Gone,Football
Mary Cooper,Basketball
Kevin Faraday,Football
Kevin Faraday,Football
Kevin Faraday,Football
Kevin Faraday,Football
Eugine Kite,Mathletics
Kevin Faraday,Football
Eugine Kite,Mathletics
George Hart,Football
